,Model,F1,Accuracy,Precision,Recall,Cross Validation
0,KNN,0.655894899421794,0.8496696922498523,0.6763816073623741,0.6524196130252471,0
1,Random Forest,0.8368790841987641,0.948976851603201,0.8499805298092619,0.8308962411365388,0
2,SVM,0.3816949661322988,0.8155110371126268,0.4196421028201363,0.41386488549899586,0
3,Navie Bayes,0.6743340045768516,0.9483323486760836,0.6435294943889495,0.740031493541155,0
4,Ensemble Stacking All Models,0.8628753189097059,0.9794833234867608,0.8953995740709045,0.8809551395773899,0
