Model,F1,Accuracy,Precision,Recall,Cross Validation
KNN,0.5424032298185858,0.6878457489661098,0.5780808216335845,0.540843773289673,0
Random Forest,0.851082620487626,0.9523604919705677,0.8594797984717243,0.8469726003227313,0
SVM,0.3816949661322988,0.8155110371126268,0.4196421028201363,0.41386488549899586,0
Navie Bayes,0.6743340045768516,0.9483323486760836,0.6435294943889495,0.740031493541155,0
Ensemble Stacking All Models,0.8777659444338483,0.9809334550727751,0.8936084268617531,0.8953689572457646,0
